{"cameraMode":{"drawMode":0,"name":"Shaded","section":"Shading Mode"},"sceneLighting":false,"audioPlay":false,"sceneViewState":{"showFog":true,"showMaterialUpdate":false,"showSkybox":true,"showFlares":true,"showImageEffects":true,"showParticleSystems":true},"in2DMode":false,"pivot":{"x":-1.4085493087768555,"y":4.076320171356201,"z":2.180000066757202},"rotation":{"x":-0.010237175039947033,"y":0.7175559401512146,"z":-0.010549124330282212,"w":-0.696345865726471},"size":2.8578836917877199,"orthographic":false}