{"cameraMode":{"drawMode":0,"name":"Shaded","section":"Shading Mode"},"sceneLighting":true,"audioPlay":false,"sceneViewState":{"showFog":true,"showMaterialUpdate":false,"showSkybox":true,"showFlares":true,"showImageEffects":true,"showParticleSystems":true},"in2DMode":false,"pivot":{"x":18.398649215698243,"y":9.508464813232422,"z":-0.4897429943084717},"rotation":{"x":-0.13376927375793458,"y":0.6842151880264282,"z":-0.1298152506351471,"w":-0.7050556540489197},"size":3.6960113048553469,"orthographic":false}